,City,Lat,Lng,Max Temp,Humidity,Cloudiness,Wind Speed,Country,Date
0,busselton,-33.65,115.33,50.0,72,8,6.62,AU,1591121565
1,tuktoyaktuk,69.45,-133.04,37.4,74,20,11.41,CA,1591121583
2,port alfred,-33.59,26.89,61.0,86,90,4.97,ZA,1591121582
3,penzance,50.12,-5.54,68.0,56,4,9.17,GB,1591121836
4,qaanaaq,77.48,-69.36,29.26,92,94,1.63,GL,1591121988
5,bolu,40.67,31.58,49.42,85,97,1.86,TR,1591121880
6,kaitangata,-46.28,169.85,51.01,70,55,3.0,NZ,1591121988
7,chihuahua,28.5,-106.0,86.0,28,20,5.82,MX,1591121989
8,hobart,-42.88,147.33,48.2,61,75,14.99,AU,1591121954
9,upernavik,72.79,-56.15,30.9,96,100,6.76,GL,1591121989
10,khatanga,71.97,102.5,49.33,58,78,10.78,RU,1591121561
11,avera,33.19,-82.53,82.4,51,1,4.7,US,1591121990
12,bengkulu,-3.8,102.27,77.36,89,84,5.17,ID,1591121990
13,avarua,-21.21,-159.78,75.2,73,38,8.05,CK,1591121990
14,rikitea,-23.12,-134.97,75.9,77,100,5.91,PF,1591121559
15,pagudpud,18.56,120.79,78.8,88,20,4.7,PH,1591121991
16,ovalle,-30.6,-71.2,74.05,34,25,7.72,CL,1591121991
17,longyearbyen,78.22,15.64,39.2,80,75,10.29,SJ,1591121592
18,kemijarvi,66.71,27.43,64.69,57,1,7.9,FI,1591121992
19,albany,42.6,-73.97,68.0,47,97,3.42,US,1591121933
20,luganville,-15.53,167.17,78.93,81,25,10.45,VU,1591121992
21,port shepstone,-30.74,30.45,68.5,55,1,6.06,ZA,1591121993
22,vitim,59.45,112.56,50.36,53,34,2.39,RU,1591121993
23,isangel,-19.55,169.27,75.34,80,19,8.32,VU,1591121993
24,bethel,41.37,-73.41,64.99,55,90,4.21,US,1591121843
25,ugoofaaru,5.67,73.0,83.25,79,74,14.27,MV,1591121994
26,port blair,11.67,92.75,83.93,79,100,7.02,IN,1591121593
27,jamestown,42.1,-79.24,68.0,63,75,12.75,US,1591121552
28,port moresby,-9.44,147.18,77.0,94,75,11.41,PG,1591121995
29,port elizabeth,-33.92,25.57,60.8,72,97,8.05,ZA,1591121570
30,bredasdorp,-34.53,20.04,53.6,93,100,1.12,ZA,1591121583
31,vila franca do campo,37.72,-25.43,60.8,82,40,19.46,PT,1591121996
32,hermanus,-34.42,19.23,57.0,92,100,13.22,ZA,1591121579
33,shelburne,44.08,-80.2,73.99,56,75,8.05,CA,1591121704
34,kodiak,57.79,-152.41,48.2,93,90,8.05,US,1591121593
35,punta arenas,-53.15,-70.92,42.8,67,20,23.04,CL,1591121843
36,chimoio,-19.12,33.48,64.4,82,75,3.76,MZ,1591121997
37,carnarvon,-24.87,113.63,70.81,52,0,5.19,AU,1591121997
38,bluff,-46.6,168.33,51.4,78,95,11.32,NZ,1591121595
39,tasiilaq,65.61,-37.64,41.0,75,75,13.87,GL,1591121998
40,ilulissat,69.22,-51.1,41.0,80,75,13.87,GL,1591121998
41,maniitsoq,65.42,-52.9,38.19,91,100,7.16,GL,1591121998
42,krini,39.39,22.35,68.0,56,20,4.7,GR,1591121999
43,cherskiy,68.75,161.3,48.49,63,93,1.81,RU,1591121999
44,beringovskiy,63.05,179.32,44.01,64,1,5.19,RU,1591121999
45,caravelas,-17.71,-39.25,79.79,71,43,6.58,BR,1591122000
46,tiksi,71.69,128.87,33.78,89,8,5.95,RU,1591121589
47,benguela,-12.58,13.41,74.1,84,17,3.06,AO,1591122001
48,teluknaga,-6.1,106.64,77.0,88,40,3.36,ID,1591122001
49,morehead,37.27,-87.18,86.0,37,1,5.82,US,1591122001
50,zhigansk,66.77,123.37,48.65,82,98,5.93,RU,1591122001
51,nuuk,64.18,-51.72,41.0,86,75,8.05,GL,1591121706
52,wanaka,-44.7,169.15,48.42,79,100,5.41,NZ,1591122002
53,saint-philippe,-21.36,55.77,69.8,77,65,11.41,RE,1591121591
54,castro,-24.79,-50.01,62.69,82,86,3.83,BR,1591121569
55,juba,4.85,31.58,77.86,72,100,5.23,SS,1591122003
56,oranjemund,-28.55,16.43,60.8,65,100,7.2,NA,1591122003
57,raudeberg,61.99,5.14,54.0,83,100,21.56,NO,1591122003
58,ushuaia,-54.8,-68.3,37.4,80,75,35.57,AR,1591121562
59,anadyr,64.75,177.48,50.0,65,51,2.24,RU,1591122004
60,fortuna,40.6,-124.16,63.0,87,1,8.05,US,1591122004
61,lagoa,39.05,-27.98,63.3,82,66,22.55,PT,1591122004
62,hilo,19.73,-155.09,80.6,65,1,3.36,US,1591122001
63,salinas,36.68,-121.66,84.99,39,1,3.4,US,1591121945
64,roald,62.58,6.13,55.0,81,75,13.87,NO,1591122005
65,barrow,71.29,-156.79,30.2,92,90,21.92,US,1591121568
66,labuhan,-6.88,112.21,79.32,84,100,8.1,ID,1591122006
67,todos santos,23.45,-110.22,70.0,81,0,3.0,MX,1591122007
68,margate,51.38,1.39,73.4,38,100,6.93,GB,1591122007
69,mar del plata,-38.0,-57.56,61.0,62,5,19.46,AR,1591121447
70,kampong thum,12.71,104.89,78.19,90,96,3.74,KH,1591122007
71,nacala,-14.54,40.67,72.37,80,0,8.14,MZ,1591122008
72,ixtapa,20.7,-105.2,82.0,78,20,11.41,MX,1591122008
73,mataura,-46.19,168.86,47.52,82,96,4.07,NZ,1591121569
74,codrington,-38.27,141.97,51.33,65,90,17.56,AU,1591122009
75,esperance,-33.87,121.9,51.8,87,96,10.29,AU,1591122009
76,goderich,43.75,-81.72,73.99,78,67,4.0,CA,1591122009
77,airai,-8.93,125.41,56.7,100,29,4.36,TL,1591122010
78,atuona,-9.8,-139.03,80.06,78,17,14.63,PF,1591121564
79,lompoc,34.64,-120.46,66.99,72,1,3.36,US,1591121758
80,carire,-3.95,-40.47,85.23,68,82,1.3,BR,1591122010
81,torbay,47.67,-52.73,54.0,100,90,20.8,CA,1591121571
82,nanakuli,21.39,-158.15,78.8,78,20,5.64,US,1591122011
83,hithadhoo,-0.6,73.08,84.7,66,83,5.82,MV,1591121572
84,mnogovershinnyy,53.94,139.92,37.08,100,100,4.79,RU,1591122011
85,poum,-20.23,164.02,76.86,83,98,10.04,NC,1591121563
86,clyde river,70.47,-68.59,30.2,86,75,4.7,CA,1591121574
87,piojo,10.75,-75.11,87.8,83,75,5.82,CO,1591122012
88,mount gambier,-37.83,140.77,50.0,71,90,13.87,AU,1591122013
89,medea,36.26,2.75,75.2,60,56,10.29,DZ,1591122013
90,namibe,-15.2,12.15,74.01,69,0,6.15,AO,1591121588
91,tukrah,32.53,20.58,66.92,63,0,9.44,LY,1591122014
92,ponta do sol,32.67,-17.1,69.8,77,40,16.11,PT,1591121577
93,saint george,37.1,-113.58,90.0,17,1,1.5,US,1591122012
94,kapaa,22.08,-159.32,81.0,94,90,3.36,US,1591121510
95,intipuca,13.2,-88.05,77.0,100,75,2.24,SV,1591122015
96,amurzet,47.7,131.1,50.36,91,84,2.28,RU,1591122015
97,klaksvik,62.23,-6.59,50.0,71,81,12.75,FO,1591122016
98,dzhebariki-khaya,62.22,135.8,44.73,76,36,1.74,RU,1591122016
99,ribeira grande,38.52,-28.7,62.6,82,75,11.41,PT,1591121594
100,gigmoto,13.78,124.39,80.56,74,1,3.8,PH,1591122016
101,klyuchi,52.27,79.17,61.95,59,31,7.67,RU,1591122017
102,tecpan,14.76,-90.99,59.0,96,99,1.99,GT,1591122017
103,pevek,69.7,170.31,35.44,86,6,6.85,RU,1591122017
104,grindavik,63.84,-22.43,48.2,81,90,14.99,IS,1591122018
105,ust-omchug,61.15,149.63,39.51,84,68,4.56,RU,1591122018
106,umea,63.83,20.26,55.4,66,50,8.05,SE,1591122018
107,campbell river,50.02,-125.24,51.8,81,90,6.93,CA,1591122019
108,vestmannaeyjar,63.44,-20.27,50.0,81,75,13.87,IS,1591121559
109,georgetown,5.41,100.34,82.4,88,20,1.07,MY,1591121403
110,new norfolk,-42.78,147.06,45.0,63,59,1.99,AU,1591121565
111,palmer,42.16,-72.33,69.01,48,75,8.37,US,1591122020
112,college,64.86,-147.8,61.0,58,40,4.7,US,1591122020
113,tazovskiy,67.47,78.7,39.88,73,52,8.57,RU,1591121587
114,qaqortoq,60.72,-46.03,46.4,93,90,1.12,GL,1591122021
115,guerrero negro,27.98,-114.06,77.18,46,34,10.83,MX,1591121571
116,abonnema,4.71,6.79,79.38,84,82,7.11,NG,1591122022
117,cabedelo,-6.98,-34.83,86.0,66,40,9.17,BR,1591122022
118,evensk,61.95,159.23,38.17,85,66,1.7,RU,1591122022
119,pisco,-13.7,-76.22,66.0,88,90,5.82,PE,1591121588
120,narsaq,60.92,-46.05,46.4,93,90,1.12,GL,1591122023
121,vaini,-21.2,-175.2,75.2,88,20,8.05,TO,1591121562
122,conceicao do araguaia,-8.26,-49.26,87.8,58,40,3.36,BR,1591122023
123,vao,-22.67,167.48,74.75,87,34,13.2,NC,1591122023
124,etoka,43.92,43.05,68.0,64,33,8.95,RU,1591122024
125,kishi,9.08,3.85,82.76,70,82,6.6,NG,1591122024
126,jiaocheng,24.68,116.14,75.13,91,57,1.97,CN,1591122024
127,grand-lahou,5.14,-5.02,81.16,80,100,6.93,CI,1591122025
128,puerto ayora,-0.74,-90.35,80.6,69,40,19.46,EC,1591121573
129,mahebourg,-20.41,57.7,73.4,83,75,14.99,MU,1591121834
130,rafai,4.95,23.92,74.61,85,56,2.64,CF,1591122026
131,bac lieu,9.29,105.72,81.64,80,100,7.45,VN,1591122026
132,rio grande,-32.03,-52.1,60.8,77,75,11.41,BR,1591121329
133,dikson,73.51,80.55,31.82,97,0,6.8,RU,1591122027
134,abulug,18.45,121.45,79.81,86,85,4.5,PH,1591122027
135,denpasar,-8.65,115.22,84.2,94,40,17.22,ID,1591121833
136,saskylakh,71.92,114.08,37.78,76,25,7.49,RU,1591121595
137,umtata,-31.59,28.78,55.4,71,1,1.12,ZA,1591122028
138,talnakh,69.49,88.4,42.8,87,75,11.18,RU,1591122028
139,aykhal,66.0,111.5,55.4,37,75,6.71,RU,1591122029
140,kargasok,59.06,80.86,43.16,86,99,13.56,RU,1591122029
141,poya,-21.35,165.15,74.25,81,84,2.59,NC,1591122029
142,itarema,-2.92,-39.92,83.62,74,21,11.81,BR,1591122029
143,shingu,33.73,135.98,64.26,86,76,5.99,JP,1591121563
144,togur,58.36,82.83,45.5,95,100,11.25,RU,1591122030
145,sonamukhi,23.3,87.42,84.9,61,99,10.71,IN,1591122010
146,la ronge,55.1,-105.28,62.6,45,40,12.75,CA,1591121566
147,nouadhibou,20.93,-17.03,73.4,73,12,18.34,MR,1591122031
148,cap malheureux,-19.98,57.61,72.0,82,45,5.99,MU,1591122031
149,takapau,-40.03,176.35,39.99,86,0,3.96,NZ,1591122032
150,katsuura,35.13,140.3,71.01,90,97,10.31,JP,1591121564
151,maragogi,-9.01,-35.22,81.7,76,68,7.67,BR,1591122032
152,praia da vitoria,38.73,-27.07,66.2,77,75,20.4,PT,1591122032
153,chuy,-33.7,-53.46,58.77,61,21,5.21,UY,1591121598
154,east london,-33.02,27.91,73.35,39,99,7.52,ZA,1591121568
155,sao filipe,14.9,-24.5,74.44,78,12,6.82,CV,1591122033
156,hamilton,39.18,-84.53,87.01,39,1,11.41,US,1591122031
157,astoria,46.19,-123.83,57.99,76,1,3.36,US,1591122034
158,arlit,18.74,7.39,104.45,9,24,8.46,NE,1591122034
159,excelsior springs,39.34,-94.23,86.0,45,1,12.75,US,1591122034
160,veraval,20.9,70.37,83.46,78,78,3.98,IN,1591122034
161,pindi gheb,33.24,72.27,69.8,83,20,6.93,PK,1591122035
162,nikolskoye,59.7,30.79,60.8,36,7,8.95,RU,1591121576
163,achutupo,9.2,-77.98,83.59,77,99,7.29,PA,1591122035
164,meulaboh,4.14,96.13,78.73,87,86,3.69,ID,1591122035
165,washougal,45.58,-122.35,68.0,55,75,3.36,US,1591122036
166,bauchi,10.5,10.0,90.14,40,5,8.25,NG,1591122036
167,clarence town,-32.58,151.78,50.0,71,0,17.22,AU,1591122036
168,kizilskoye,52.73,58.89,63.19,65,60,8.99,RU,1591122037
169,iqaluit,63.75,-68.51,35.6,69,75,5.82,CA,1591121567
170,kavieng,-2.57,150.8,82.65,75,93,4.59,PG,1591121596
171,nago,26.59,127.98,80.6,94,1,13.87,JP,1591122037
172,broome,42.25,-75.83,59.0,62,90,9.17,US,1591121582
173,mackay,-21.15,149.2,50.0,81,0,6.93,AU,1591122038
174,mahibadhoo,3.78,72.97,83.3,76,100,11.3,MV,1591121587
175,gao,16.64,1.64,107.58,13,91,6.87,ML,1591122038
176,tautira,-17.73,-149.15,78.8,74,75,3.36,PF,1591122039
177,padang,-0.95,100.35,79.43,74,100,4.09,ID,1591122039
178,wasilla,61.58,-149.44,57.2,50,1,3.36,US,1591122039
179,ancud,-41.87,-73.82,53.01,76,69,8.05,CL,1591122040
180,auki,-8.77,160.7,78.66,82,41,4.09,SB,1591122040
181,challapata,-18.9,-66.77,49.15,44,0,18.86,BO,1591122040
182,beira,-19.84,34.84,71.6,88,40,9.17,MZ,1591122040
183,balabac,7.99,117.06,82.49,73,94,1.5,PH,1591122041
184,okhotsk,59.38,143.3,37.98,87,100,2.06,RU,1591121577
185,thompson,55.74,-97.86,48.2,87,90,3.36,CA,1591121837
186,werneck,49.98,10.1,75.0,4,50,1.99,DE,1591122041
187,chicama,-7.84,-79.15,74.82,64,46,10.76,PE,1591121826
188,yulara,-25.24,130.99,48.2,61,33,9.17,AU,1591121558
189,cape town,-33.93,18.42,64.0,87,40,5.82,ZA,1591121567
190,warrington,53.39,-2.58,71.01,40,54,11.41,GB,1591121942
191,monrovia,6.3,-10.8,78.8,88,75,7.34,LR,1591122043
192,mehamn,71.04,27.85,48.2,70,75,13.87,NO,1591122043
193,gunjur,13.2,-16.73,86.0,58,100,9.17,GM,1591122044
194,moerai,-22.43,-151.33,74.48,71,100,22.57,PF,1591122044
195,lazo,43.38,133.9,52.75,71,88,2.35,RU,1591122044
196,sitka,57.05,-135.33,48.2,87,90,3.36,US,1591121814
197,kampong chhnang,12.17,104.55,78.82,85,99,4.5,KH,1591122045
198,cidreira,-30.18,-50.21,57.54,72,72,12.59,BR,1591121593
199,ghanzi,-21.57,21.78,60.22,33,0,8.14,BW,1591122045
200,sao gabriel da cachoeira,-0.13,-67.09,82.4,88,40,6.93,BR,1591122045
201,arraial do cabo,-22.97,-42.03,77.0,78,1,9.17,BR,1591121586
202,griffin,33.25,-84.26,87.01,51,40,4.7,US,1591122046
203,severo-kurilsk,50.68,156.12,42.6,85,96,8.5,RU,1591122046
204,ambilobe,-13.2,49.05,71.82,83,7,3.4,MG,1591122046
205,les cayes,18.2,-73.75,85.6,69,81,10.27,HT,1591122047
206,viedma,-40.81,-63.0,57.78,55,76,16.71,AR,1591122047
207,lima,-12.04,-77.03,68.0,77,90,6.93,PE,1591121979
208,salalah,17.02,54.09,84.2,83,98,3.36,OM,1591122047
209,mbandaka,0.05,18.26,74.19,89,82,3.22,CD,1591122048
210,diffa,13.32,12.61,96.4,12,28,2.8,NE,1591122048
211,misratah,32.38,15.09,69.78,72,0,11.63,LY,1591122048
212,borba,-4.39,-59.59,84.33,81,71,4.99,BR,1591122048
213,paamiut,61.99,-49.67,39.76,98,100,2.82,GL,1591122049
214,lebu,-37.62,-73.65,55.6,69,14,3.38,CL,1591122049
215,jumla,29.27,82.18,55.26,65,81,1.79,NP,1591122049
216,russell,32.35,-85.2,84.2,45,40,8.05,US,1591122050
217,fort nelson,58.81,-122.7,59.0,38,75,6.93,CA,1591122050
218,kamaishi,39.27,141.88,61.41,63,99,4.79,JP,1591122050
219,cabo san lucas,22.89,-109.91,84.0,54,5,9.17,MX,1591121872
220,jaque,7.52,-78.17,82.35,78,77,7.85,PA,1591122051
221,jerome,42.72,-114.52,71.01,40,1,6.93,US,1591122051
222,san felipe,10.34,-68.74,84.78,66,66,6.82,VE,1591122051
223,namatanai,-3.67,152.43,80.08,83,64,4.76,PG,1591122051
224,yellowknife,62.46,-114.35,48.0,65,75,16.11,CA,1591121582
225,sobolevo,54.43,31.9,50.14,94,100,13.02,RU,1591122052
226,faya,18.39,42.45,80.6,25,3,11.41,SA,1591122053
227,fasa,28.94,53.65,80.6,24,72,9.17,IR,1591122053
228,moses lake,47.13,-119.28,69.8,30,1,4.7,US,1591122054
229,omboue,-1.57,9.26,77.54,86,100,5.88,GA,1591122054
230,urumqi,43.8,87.6,82.4,13,0,11.18,CN,1591122054
231,lata,40.16,-8.33,70.0,73,84,8.01,PT,1591122054
232,pathein,16.78,94.73,82.81,74,91,5.03,MM,1591122055
233,pitimbu,-7.47,-34.81,86.0,66,40,9.17,BR,1591122055
234,batagay-alyta,67.8,130.41,44.26,77,78,5.1,RU,1591122055
235,shimoda,34.67,138.95,61.0,91,77,7.23,JP,1591122055
236,plouzane,48.38,-4.62,71.6,49,0,11.41,FR,1591122056
237,luderitz,-26.65,15.16,60.8,72,99,4.7,NA,1591122056
238,redmond,47.67,-122.12,64.99,65,100,3.51,US,1591121966
239,marawi,8.0,124.29,73.99,89,79,7.0,PH,1591122057
240,sisimiut,66.94,-53.67,37.58,92,100,8.3,GL,1591121586
241,ostrovnoy,68.05,39.51,56.64,72,50,13.11,RU,1591121566
242,cairns,-16.92,145.77,66.2,82,0,4.7,AU,1591122026
243,hirara,24.8,125.28,81.45,85,39,14.38,JP,1591122058
244,guaira,-20.32,-48.31,77.88,48,42,5.66,BR,1591122058
245,quelimane,-17.88,36.89,77.0,73,75,4.7,MZ,1591122058
246,faanui,-16.48,-151.75,80.51,77,100,13.29,PF,1591122059
247,pinawa,50.15,-95.88,76.87,35,51,12.55,CA,1591122059
248,ziguinchor,12.58,-16.27,89.6,52,40,11.41,SN,1591122059
249,saldanha,-33.01,17.94,59.0,87,100,3.36,ZA,1591122059
250,ushtobe,45.25,77.98,75.11,33,54,13.38,KZ,1591122060
251,parana,-31.73,-60.52,64.99,35,0,4.0,AR,1591122060
252,champerico,14.3,-91.92,80.6,83,90,6.93,GT,1591121587
253,sistranda,63.73,8.83,51.8,93,75,11.41,NO,1591122060
254,araouane,18.9,-3.53,109.0,11,54,8.79,ML,1591122061
255,larsnes,62.2,5.58,55.4,76,75,12.75,NO,1591122061
256,peniche,39.36,-9.38,73.0,74,50,1.99,PT,1591122061
257,iracoubo,5.48,-53.2,81.43,80,98,8.48,GF,1591122061
258,harbour breton,47.48,-55.8,50.65,98,100,24.05,CA,1591122062
259,bathsheba,13.22,-59.52,86.0,66,75,17.22,BB,1591122062
260,puerto penasco,31.32,-113.53,82.99,70,73,7.0,MX,1591122062
261,bonavista,48.65,-53.11,44.01,85,100,3.0,CA,1591122063
262,kruisfontein,-34.0,24.73,56.91,71,100,1.61,ZA,1591122063
263,izhma,65.01,53.91,44.71,60,30,3.83,RU,1591122064
264,sulangan,11.14,123.72,84.92,67,62,6.4,PH,1591122064
265,ladario,-19.0,-57.6,53.6,87,90,11.41,BR,1591122064
266,kaina,12.64,8.59,98.6,32,41,3.36,NG,1591122065
267,luwuk,-0.95,122.79,78.1,77,100,5.41,ID,1591122065
268,linxia,35.6,103.21,54.75,38,18,4.38,CN,1591122065
269,mecca,21.43,39.83,87.53,28,0,9.06,SA,1591122065
270,butaritari,3.07,172.79,82.08,77,55,5.75,KI,1591122066
271,bahia blanca,-38.72,-62.27,61.57,39,71,13.67,AR,1591121962
272,tessalit,20.2,1.01,104.65,11,76,7.83,ML,1591122066
273,laguna,38.42,-121.42,87.01,42,1,4.7,US,1591121585
274,half moon bay,37.46,-122.43,81.0,82,1,6.93,US,1591121849
275,almeirim,-1.52,-52.58,86.11,69,70,2.13,BR,1591122067
276,evans,33.53,-82.13,84.99,48,40,6.93,US,1591121916
277,ballina,-28.87,153.57,51.8,57,0,12.75,AU,1591122068
278,lakatoro,-16.1,167.42,78.04,79,43,9.1,VU,1591122068
279,chanute,37.68,-95.46,84.2,62,1,11.41,US,1591122068
280,luanda,-8.84,13.23,77.0,88,20,5.82,AO,1591122068
281,hovd,48.01,91.64,62.37,48,37,5.97,MN,1591122054
282,vila velha,-20.33,-40.29,86.0,37,18,9.17,BR,1591122069
283,egvekinot,66.32,-179.17,44.15,64,0,0.89,RU,1591122069
284,winona,43.97,-91.77,87.8,55,1,3.36,US,1591121931
285,kodino,63.72,39.64,52.3,55,0,4.36,RU,1591122070
286,hofn,64.25,-15.21,48.24,64,0,7.9,IS,1591122070
287,thunder bay,48.4,-89.32,82.4,32,20,18.34,CA,1591122070
288,pangnirtung,66.15,-65.71,33.8,80,75,13.87,CA,1591122071
289,tilichiki,60.47,166.1,36.99,92,100,2.77,RU,1591122071
290,kahului,20.89,-156.47,80.6,65,20,3.49,US,1591122071
291,valle de angeles,14.15,-87.03,78.8,78,75,13.87,HN,1591122072
292,san quintin,30.48,-115.95,71.83,62,94,8.88,MX,1591122072
293,meadow lake,34.8,-106.54,82.0,56,20,6.2,US,1591121891
294,gillette,44.29,-105.5,71.6,46,1,9.17,US,1591122065
295,portland,45.52,-122.68,68.0,55,75,3.36,US,1591121788
296,barbastro,42.04,0.13,77.0,53,100,6.93,ES,1591122073
297,millau,44.08,2.92,77.0,44,23,8.05,FR,1591122074
298,sosva,59.18,61.86,45.05,80,63,1.43,RU,1591122074
299,zabol,32.25,67.25,71.76,18,0,4.56,AF,1591122074
300,dingle,11.0,122.67,77.97,75,100,3.22,PH,1591121570
301,general roca,-39.03,-67.58,53.6,66,100,13.82,AR,1591122075
302,haines junction,60.75,-137.51,47.21,57,100,6.06,CA,1591122075
303,balikpapan,-1.27,116.83,76.73,92,28,5.77,ID,1591121854
304,tabou,4.42,-7.35,81.07,82,84,8.1,CI,1591122075
305,bilma,18.69,12.92,97.77,9,0,5.06,NE,1591122076
306,san francisco,37.77,-122.42,78.01,73,20,6.93,US,1591121943
307,flinders,-34.58,150.86,55.0,64,0,8.99,AU,1591122076
308,ipanguacu,-5.5,-36.85,93.2,56,40,3.36,BR,1591122077
309,tafresh,34.69,50.01,72.45,29,31,2.86,IR,1591122077
310,santa ana,33.75,-117.87,77.0,60,75,3.36,US,1591121964
311,vilyuysk,63.76,121.62,51.21,46,20,1.97,RU,1591122077
312,ribeira brava,32.65,-17.07,69.8,77,40,16.11,PT,1591122078
313,nanortalik,60.14,-45.24,46.6,91,100,8.95,GL,1591122078
314,gravdal,68.12,13.5,46.4,81,75,10.29,NO,1591122078
315,buin,-33.73,-70.75,55.4,71,90,4.07,CL,1591122079
316,singkang,2.1,102.8,78.8,83,20,1.12,MY,1591122079
317,mocuba,-16.84,36.99,64.8,96,36,3.06,MZ,1591122079
318,naantali,60.47,22.02,61.0,51,32,8.05,FI,1591122079
319,flin flon,54.77,-101.86,59.0,54,75,8.05,CA,1591122080
320,port hawkesbury,45.62,-61.35,46.4,93,90,20.8,CA,1591121795
321,gorontalo,0.54,123.06,75.24,87,87,2.35,ID,1591122080
322,selma,36.57,-119.61,82.99,44,93,4.38,US,1591122081
323,hambantota,6.12,81.12,79.9,80,55,14.52,LK,1591122081
324,usinsk,65.99,57.53,42.75,65,51,3.83,RU,1591121593
325,cockburn town,21.46,-71.14,86.0,62,40,12.75,TC,1591122081
326,fairbanks,64.84,-147.72,61.0,62,1,3.36,US,1591121940
327,pandan,14.05,124.17,79.97,75,0,3.29,PH,1591122082
328,chokurdakh,70.63,147.92,35.38,84,99,9.8,RU,1591122082
329,ust-kuyga,70.02,135.6,43.56,75,100,6.64,RU,1591122082
330,chupa,66.27,33.05,63.79,59,22,7.52,RU,1591122083
331,juneau,58.3,-134.42,50.0,87,90,8.05,US,1591121380
332,soe,-9.86,124.28,64.45,100,22,5.99,ID,1591122083
333,naze,28.37,129.48,77.0,100,75,6.93,JP,1591122084
334,lyuban,52.8,28.0,49.39,88,52,9.22,BY,1591122084
335,baghdad,33.34,44.4,93.2,17,0,9.17,IQ,1591122056
336,manado,1.49,124.85,73.4,100,20,3.8,ID,1591122084
337,polovinnoye,54.79,65.99,49.35,82,69,5.84,RU,1591122085
338,oksfjord,70.24,22.35,46.99,93,75,9.17,NO,1591122085
339,aquiraz,-3.9,-38.39,86.0,66,40,12.75,BR,1591122085
340,tucuman,-26.82,-65.22,68.0,40,0,3.24,AR,1591122086
341,aloleng,16.13,119.78,84.31,69,25,1.61,PH,1591122086
342,qandala,11.47,49.87,88.47,66,95,5.77,SO,1591122086
343,christchurch,-43.53,172.63,48.99,100,90,3.36,NZ,1591122074
344,port hardy,50.7,-127.42,50.0,93,90,3.36,CA,1591122087
345,muros,42.78,-9.06,69.01,80,10,8.99,ES,1591122087
346,chekalin,54.1,36.24,51.8,93,62,11.18,RU,1591122087
347,mailani,28.28,80.35,89.85,31,0,4.94,IN,1591122088
348,bambous virieux,-20.34,57.76,73.4,83,75,14.99,MU,1591122088
349,atar,20.52,-13.05,100.8,16,99,14.97,MR,1591122075
350,acapulco,16.86,-99.89,82.4,69,75,10.29,MX,1591122088
351,miranda,3.25,-76.23,84.2,58,75,4.7,CO,1591122089
352,wagar,16.15,36.2,100.54,13,22,7.27,SD,1591122089
353,pavlogradka,54.2,73.56,51.66,68,0,7.61,RU,1591122089
354,pasighat,28.07,95.33,72.48,85,100,4.59,IN,1591122090
355,petropavlovsk-kamchatskiy,53.05,158.65,42.8,87,75,2.24,RU,1591122090
356,nhamunda,-2.19,-56.71,84.13,84,51,3.62,BR,1591122090
357,pilar,-9.6,-35.96,82.4,78,75,4.7,BR,1591122090
358,ocampo,21.65,-101.5,74.28,33,0,11.07,MX,1591122091
359,ochakiv,46.61,31.55,55.4,76,41,4.47,UA,1591122091
360,henties bay,-22.12,14.28,66.0,78,43,12.5,NA,1591121578
361,mathathane,-22.27,28.75,64.11,48,0,9.22,BW,1591122092
362,plattsburgh,44.7,-73.45,60.01,67,90,8.05,US,1591121841
363,brae,60.4,-1.35,48.2,81,100,14.99,GB,1591121574
364,beaufort,5.35,115.75,80.6,88,75,3.06,MY,1591122094
365,marsa matruh,31.35,27.25,68.0,68,0,11.41,EG,1591122094
366,namtsy,62.72,129.67,41.0,75,1,4.47,RU,1591122094
367,te anau,-45.42,167.72,52.45,87,100,4.41,NZ,1591121580
368,shwebo,22.57,95.7,82.63,72,41,11.18,MM,1591122095
369,lanzhou,36.06,103.79,68.0,36,7,4.72,CN,1591122095
370,kloulklubed,7.04,134.26,78.8,83,40,3.36,PW,1591122095
371,ibague,4.44,-75.23,84.2,70,75,5.82,CO,1591122050
372,harper,4.38,-7.72,81.23,82,84,8.32,LR,1591122096
373,cayenne,4.93,-52.33,78.8,88,96,8.3,GF,1591122096
374,coquimbo,-29.95,-71.34,57.2,82,75,9.17,CL,1591122096
375,los llanos de aridane,28.66,-17.92,73.4,64,75,6.93,ES,1591122097
376,keti bandar,24.14,67.45,83.5,85,0,15.7,PK,1591122097
377,urusha,54.05,122.9,40.95,87,39,3.47,RU,1591122097
378,san patricio,19.22,-104.7,82.4,83,20,11.41,MX,1591122098
379,kungurtug,50.6,97.52,45.05,85,94,1.86,RU,1591122098
380,maragheh,37.39,46.24,77.0,29,20,6.93,IR,1591122098
381,kaeo,-35.1,173.78,50.0,3,100,5.48,NZ,1591122098
382,merauke,-8.47,140.33,75.85,78,79,15.28,ID,1591122099
383,prince rupert,54.32,-130.32,51.8,81,90,5.82,CA,1591122063
384,tuatapere,-46.13,167.68,53.49,87,100,6.2,NZ,1591122099
385,itoman,26.12,127.67,80.6,100,40,11.41,JP,1591122099
386,hervey bay,-25.3,152.85,50.0,56,0,5.99,AU,1591122100
387,kovdor,67.57,30.48,66.43,53,16,7.4,RU,1591122100
388,senador pompeu,-5.59,-39.37,80.96,84,40,3.94,BR,1591122100
389,saint-joseph,-21.37,55.62,69.8,77,35,9.17,RE,1591122100
390,placido de castro,-10.34,-67.19,82.36,73,98,3.15,BR,1591122101
391,grootfontein,-19.57,18.12,57.97,37,0,6.02,NA,1591122101
392,malanje,-9.54,16.34,69.22,43,38,1.66,AO,1591122101
393,bemidji,47.47,-94.88,79.0,38,1,7.99,US,1591122102
394,zyryanka,65.75,150.85,47.8,62,68,6.73,RU,1591121563
395,kattivakkam,13.22,80.32,87.8,74,20,9.17,IN,1591122102
396,robinson,31.47,-97.11,88.0,48,40,8.05,US,1591122102
397,tando jam,25.43,68.54,86.32,70,3,17.47,PK,1591122103
398,porto novo,6.5,2.6,82.4,74,20,4.7,BJ,1591122103
399,batagay,67.63,134.63,48.81,67,100,5.08,RU,1591122103
400,bubaque,11.28,-15.83,81.45,78,72,13.0,GW,1591122103
401,nyurba,63.28,118.33,49.3,50,31,2.53,RU,1591122104
402,nelson bay,-32.72,152.15,50.0,71,0,17.22,AU,1591122104
403,wuwei,37.93,102.64,66.0,28,78,6.58,CN,1591122104
404,barkhan,29.9,69.53,75.79,50,44,3.85,PK,1591122105
405,souillac,-20.52,57.52,73.4,83,75,14.99,MU,1591122105
406,mexticacan,21.27,-102.78,78.8,29,40,8.05,MX,1591122105
407,enid,36.4,-97.88,89.6,52,75,9.17,US,1591122105
408,betafo,-19.83,46.85,52.7,85,2,6.8,MG,1591122106
409,vardo,70.37,31.11,46.4,87,75,21.92,NO,1591121591
410,pechenga,69.53,31.17,51.8,66,40,16.11,RU,1591122106
411,presidencia roque saenz pena,-26.79,-60.44,68.0,41,0,1.01,AR,1591122107
412,saravena,6.95,-71.88,82.98,80,67,2.42,CO,1591122107
413,port barton,10.48,119.25,79.29,79,96,2.35,PH,1591122107
414,athabasca,54.72,-113.29,64.09,43,5,13.58,CA,1591122108
415,nador,35.17,-2.93,73.4,73,96,6.93,MA,1591122108
416,nanning,22.82,108.32,80.6,83,80,2.24,CN,1591122108
417,ridgecrest,35.62,-117.67,91.99,14,75,3.36,US,1591122063
418,latung,5.5,120.88,83.34,70,1,5.12,PH,1591122109
419,freeport,40.66,-73.58,73.4,38,40,11.41,US,1591122096
420,chepareria,1.31,35.2,63.77,82,98,1.14,KE,1591122109
421,novo cruzeiro,-17.47,-41.88,76.53,58,21,4.0,BR,1591122110
422,la asuncion,11.03,-63.86,89.6,49,0,20.8,VE,1591122110
423,taoudenni,22.68,-3.98,106.77,14,38,19.84,ML,1591122110
424,bosaso,11.28,49.18,89.87,60,69,7.87,SO,1591122110
425,mondlo,-27.98,30.72,54.03,39,0,4.52,ZA,1591122111
426,umarizal,-5.99,-37.81,84.2,68,86,7.16,BR,1591122111
427,vila,42.03,-8.16,72.0,77,74,8.05,PT,1591122111
428,kirkenes,69.73,30.05,51.8,66,40,16.11,NO,1591122112
429,jiwani,25.05,61.74,87.64,71,13,10.58,PK,1591122112
430,puri,19.8,85.85,78.8,94,40,5.82,IN,1591122112
431,rupert,42.62,-113.68,71.6,40,1,6.93,US,1591122113
432,vetapalem,15.78,80.32,86.07,77,93,13.73,IN,1591122113
433,grand gaube,-20.01,57.66,72.0,82,56,5.99,MU,1591122113
434,havelock,34.88,-76.9,80.6,51,75,13.87,US,1591122113
435,kensington,-33.92,151.22,50.0,70,0,10.29,AU,1591122114
436,hasaki,35.73,140.83,70.0,94,75,3.36,JP,1591122114
437,matamoros,25.53,-103.25,87.8,33,5,4.7,MX,1591122114
438,norman wells,65.28,-126.83,46.4,65,75,5.82,CA,1591121584
439,sao sebastiao,-23.76,-45.41,70.09,80,80,8.21,BR,1591122115
440,owando,-0.48,15.9,74.62,90,38,2.39,CG,1591122115
441,touros,-5.2,-35.46,87.8,62,40,11.41,BR,1591121566
442,san luis,-33.3,-66.34,62.37,31,83,8.34,AR,1591121925
443,panjab,34.39,67.02,52.79,40,4,6.71,AF,1591122116
444,santo domingo,18.5,-69.99,91.4,59,40,11.41,DO,1591121852
445,provideniya,64.38,-173.3,45.7,60,0,0.94,RU,1591122116
446,sebrovo,50.1,43.3,62.01,89,33,8.99,RU,1591122116
447,siniscola,40.57,9.69,73.4,43,99,10.29,IT,1591122117
448,galveston,29.37,-94.97,89.01,62,40,12.75,US,1591122117
449,caconda,-13.73,15.07,66.6,40,56,5.91,AO,1591122117
450,gazanjyk,39.24,55.52,91.15,18,13,2.28,TM,1591122118
451,vaitape,-16.52,-151.75,81.34,75,100,13.27,PF,1591122118
452,alofi,-19.06,-169.92,75.2,88,15,10.29,NU,1591121592
453,turukhansk,65.82,87.98,45.43,62,97,8.32,RU,1591122118
454,kupang,-10.17,123.58,77.43,81,3,13.8,ID,1591122119
455,marsabit,2.33,37.99,73.06,60,100,19.66,KE,1591122119
456,pacific grove,36.62,-121.92,84.99,56,1,5.82,US,1591122119
457,phan thiet,10.93,108.1,79.47,82,99,5.44,VN,1591122120
458,saint anthony,45.02,-93.22,90.0,31,40,14.99,US,1591121598
459,buala,-8.14,159.59,81.14,78,84,5.99,SB,1591122120
460,jalgaon,21.02,75.57,76.53,71,100,10.16,IN,1591122121
461,whitehorse,60.72,-135.05,48.2,57,75,14.99,CA,1591121916
462,ossora,59.24,163.07,39.92,80,47,4.76,RU,1591122121
463,hulan ergi,47.2,123.63,54.95,84,100,14.7,CN,1591122122
464,ocos,14.51,-92.19,82.4,83,90,4.7,GT,1591122122
465,teacapan,22.55,-105.75,82.08,65,6,10.89,MX,1591122123
466,gat,31.61,34.76,73.0,74,0,1.01,IL,1591122123
467,aiken,33.58,-81.6,86.0,48,40,6.93,US,1591121910
468,kvitok,56.07,98.48,50.29,60,91,5.7,RU,1591122123
469,asyut,27.18,31.18,91.4,29,0,10.29,EG,1591122124
470,qasigiannguit,68.82,-51.19,41.0,80,75,13.87,GL,1591122124
471,turtas,58.94,69.13,40.96,73,13,3.69,RU,1591122124
472,olafsvik,64.89,-23.71,47.34,85,62,13.38,IS,1591122125
473,nileshwar,12.25,75.1,77.0,88,75,3.36,IN,1591122125
474,lubartow,51.46,22.61,51.8,87,100,3.36,PL,1591122125
475,maceio,-9.67,-35.74,82.4,78,75,4.7,BR,1591121959
476,awjilah,29.11,21.29,82.42,29,66,7.2,LY,1591122126
477,kotovo,50.32,44.8,63.3,76,24,8.25,RU,1591122126
478,deputatskiy,69.3,139.9,42.08,77,66,2.59,RU,1591122126
479,tineo,43.34,-6.41,69.01,82,98,3.36,ES,1591122127
480,kaa-khem,51.68,94.73,50.5,79,100,1.59,RU,1591122127
481,tirthahalli,13.7,75.23,71.33,95,100,11.39,IN,1591122127
482,fare,-16.7,-151.02,80.85,75,100,12.66,PF,1591122127
483,olinda,-8.01,-34.86,84.2,74,20,8.05,BR,1591122128
484,raahe,64.68,24.48,59.0,72,3,6.93,FI,1591122128
485,pemba,-12.97,40.52,78.8,78,40,11.41,MZ,1591122128
486,kalmunai,7.42,81.82,82.83,77,72,1.39,LK,1591122129
487,aripuana,-9.17,-60.63,90.3,43,100,2.26,BR,1591122129
488,mangrol,21.12,70.12,83.59,78,84,5.61,IN,1591122129
489,shasta lake,40.68,-122.37,89.01,34,3,1.01,US,1591122129
490,puerto madero,14.72,-92.42,82.4,83,90,4.7,MX,1591122130
491,san rafael,-34.62,-68.33,65.68,27,51,13.87,AR,1591121892
492,abrau-dyurso,44.69,37.59,60.8,87,20,6.71,RU,1591122130
493,calatagan,13.88,120.65,82.36,77,100,3.49,PH,1591122130
494,nemuro,43.32,145.57,49.69,91,100,11.45,JP,1591122131
495,virginia beach,36.85,-75.98,78.01,57,75,13.87,US,1591121885
496,binga,-17.62,27.34,63.63,62,0,0.13,ZW,1591122131
497,nayoro,44.35,142.46,49.75,88,77,4.03,JP,1591122132
498,kurumkan,54.3,110.3,43.5,75,81,1.72,RU,1591122132
499,coffs harbour,-30.3,153.13,41.0,93,0,1.12,AU,1591122132
500,puerto leguizamo,-0.19,-74.78,93.34,45,11,2.51,CO,1591122132
501,alghero,40.56,8.32,69.8,68,93,9.17,IT,1591122133
502,madinat sittah uktubar,29.82,31.05,78.8,34,0,12.75,EG,1591122133
503,asau,46.43,26.4,55.4,71,75,9.17,RO,1591122133
504,mgandu,-5.95,34.13,64.06,60,99,4.47,TZ,1591122134
505,bayan,46.08,127.4,64.0,67,54,5.26,CN,1591122134
506,santa vitoria do palmar,-33.52,-53.37,58.93,62,36,4.32,BR,1591122134
507,carballo,43.21,-8.69,72.0,79,60,1.99,ES,1591122134
508,kununurra,-15.77,128.73,77.0,39,40,16.11,AU,1591122135
509,ayan,56.45,138.17,37.92,91,100,12.48,RU,1591122135
510,lexington,37.99,-84.48,82.4,54,1,12.75,US,1591122108
511,aswan,24.09,32.91,98.6,13,0,11.41,EG,1591122135
512,kolpashevo,58.31,82.91,45.54,95,100,11.43,RU,1591122136
513,duminichi,53.93,35.11,52.84,96,64,5.41,RU,1591122136
514,tabuk,17.42,121.44,75.0,87,67,3.0,PH,1591122136
515,darhan,49.49,105.92,47.48,55,18,1.57,MN,1591122136
516,sterling,39.01,-77.43,75.2,33,75,5.82,US,1591122120
517,phatthalung,7.5,100.08,79.09,82,94,3.94,TH,1591122137
518,torrington,41.8,-73.12,68.0,65,95,9.78,US,1591122137
519,leningradskiy,69.38,178.42,39.78,80,1,0.67,RU,1591122138
520,melilla,35.29,-2.94,73.4,73,95,6.93,ES,1591122138
521,shubarshi,48.59,57.19,75.16,47,56,11.25,KZ,1591122138
522,berezovyy,51.67,135.7,43.57,90,100,4.27,RU,1591122139
523,mount isa,-20.73,139.5,57.2,26,19,10.29,AU,1591121586
524,port macquarie,-31.43,152.92,48.0,73,0,9.55,AU,1591121952
525,yabrud,33.97,36.66,68.0,30,0,25.28,SY,1591122140
526,lukiv,51.05,25.4,46.99,98,100,3.0,UA,1591122140
527,saint-georges,12.06,-61.75,86.0,70,40,20.8,GD,1591122119
528,parati,-23.22,-44.71,77.0,41,40,10.29,BR,1591122141
529,corralillo,22.98,-80.59,84.07,76,81,18.25,CU,1591122141
530,cakovec,46.38,16.43,64.0,60,54,6.08,HR,1591122141
531,udachnyy,66.42,112.4,55.4,37,75,6.71,RU,1591122142
532,ahipara,-35.17,173.17,55.76,86,99,7.52,NZ,1591122142
533,young,-32.68,-57.63,57.07,54,0,4.47,UY,1591122142
534,ulaanbaatar,47.91,106.88,32.0,68,51,4.47,MN,1591121988
535,noumea,-22.28,166.46,73.99,94,51,1.12,NC,1591122143
536,junction city,39.03,-96.83,87.8,55,1,17.22,US,1591122143
537,saint albans,51.75,-0.33,73.0,28,64,10.29,GB,1591122143
538,singtam,27.23,88.5,72.37,69,88,3.33,IN,1591122144
539,edea,3.8,10.13,87.8,62,20,4.7,CM,1591122144
540,teahupoo,-17.83,-149.27,78.8,74,75,3.36,PF,1591122144
541,ndioum,16.51,-14.65,104.0,19,99,2.24,SN,1591122145
542,kavaratti,10.57,72.64,84.09,77,100,21.56,IN,1591122145
543,santa rosa,14.31,121.11,86.0,74,75,1.12,PH,1591122145
544,peace river,56.25,-117.29,59.0,44,75,17.22,CA,1591122145
545,westport,41.14,-73.36,71.01,52,90,5.82,US,1591122004
546,nizhniy kuranakh,58.84,125.49,41.99,66,12,2.46,RU,1591122146
547,belaya gora,68.53,146.42,48.2,52,99,2.77,RU,1591122146
548,xunchang,28.45,104.72,62.22,84,100,2.98,CN,1591122146
549,yoichi,43.2,140.77,55.0,80,100,10.13,JP,1591122147
550,sao geraldo do araguaia,-6.4,-48.55,81.95,88,97,3.27,BR,1591122147
551,fonte boa,-2.5,-66.27,90.88,52,53,1.79,BR,1591122147
552,huanuco,-9.93,-76.24,73.4,53,75,23.04,PE,1591122148
553,lavrentiya,65.58,-171.0,40.5,71,0,1.28,RU,1591122148
554,khandyga,62.67,135.6,41.05,87,2,0.81,RU,1591122148
555,eufaula,31.89,-85.15,86.0,62,92,8.34,US,1591122149
556,nhulunbuy,-12.23,136.77,75.2,69,40,11.41,AU,1591122149
557,ulladulla,-35.35,150.47,54.0,62,0,19.46,AU,1591122149
558,imbituba,-28.24,-48.67,64.4,48,20,10.29,BR,1591122150
559,yzeure,46.56,3.35,82.4,32,34,2.24,FR,1591122150
560,ramhormoz,31.28,49.6,100.4,19,0,6.93,IR,1591122150
561,solnechnyy,50.72,136.63,43.21,92,100,6.73,RU,1591122151
562,odienne,9.51,-7.57,85.44,62,82,4.18,CI,1591122151
563,andrews,32.32,-102.55,82.4,45,75,5.82,US,1591122151
564,port hedland,-20.32,118.57,66.2,45,99,8.05,AU,1591122151
565,utete,-7.99,38.76,72.82,81,60,6.51,TZ,1591122152
566,akyab,20.15,92.9,84.22,79,66,7.72,MM,1591122152
567,lasa,46.62,10.7,64.4,36,5,6.93,IT,1591122152
568,atambua,-9.11,124.89,70.7,88,12,6.02,ID,1591122153
569,ukiah,39.15,-123.21,82.0,53,1,3.36,US,1591121858
570,boddam,57.47,-1.78,51.8,93,75,10.29,GB,1591122153
